supplier_id,product_name,retail_price,stock_level,product_code,supplier_price
39,Chips - Potato Jalapeno,96,834,840972555,76.8
747,Lentils - Green Le Puy,54.41,7507,898378653,43.528
272,Vinegar - White,7.29,4741,314815784,5.832
301,Wine - Saint Emilion Calvet,119.33,9931,825692409,95.464
591,Sea Bass - Whole,87.52,536,820935844,70.016
694,Peach - Halves,31.95,1596,521026837,25.56
323,Filling - Mince Meat,113.1,9899,293874649,90.48
159,Plums - Red,26.49,9487,244053234,21.192
436,"Pasta - Rotini, Dry",107.18,489,669333884,85.744
379,The Pop Shoppe - Lime Rickey,47.54,9969,80566883,38.032
925,Appetizer - Chicken Satay,54.43,4316,78166915,43.544
326,Galliano,80.38,7960,424956097,64.304
372,Pork - Caul Fat,107.34,7273,611587738,85.872
912,Wine - Manischewitz Concord,37.24,7351,446800720,29.792
531,Bread - Olive,64.65,1928,49782386,51.72
931,Calaloo,50.76,5112,599327078,40.608
535,Lid - 3oz Med Rec,109.45,9386,703240596,87.56
852,Calaloo,37.18,9482,687052361,29.744
823,"Soup - Knorr, Ministrone",1.61,1471,253573943,1.288
783,Magnotta - Bel Paese White,93.75,3786,942671152,75
99,Madeira,69.88,2207,227294625,55.904
150,Pimento - Canned,111.3,500,390004651,89.04
437,"Cheese - Cheddar, Medium",55.23,2683,464355639,44.184
503,Cookies Cereal Nut,69.74,6291,129754679,55.792
186,Cheese - Stilton,76.96,3598,781508950,61.568
69,Butcher Twine 4r,98.1,3050,216079702,78.48
887,Silicone Paper 16.5x24,35.56,4665,873252157,28.448
214,"Artichoke - Bottom, Canned",68.94,1338,737839427,55.152
518,Ecolab Digiclean Mild Fm,3,4325,566483898,2.4
694,Beef - Rib Eye Aaa,52.93,7733,935519077,42.344
274,Plasticforkblack,89.92,7152,121294375,71.936
829,Chicken - Livers,62.83,1996,863200207,50.264
965,Wine - Fume Blanc Fetzer,50.64,5280,496020560,40.512
589,Oil - Canola,53.22,5217,239066956,42.576
752,Wine - Rubyport,27.02,9364,435327898,21.616
111,Appetizer - Escargot Puff,14.58,2408,973372162,11.664
958,"Ice - Clear, 300 Lb For Carving",91.55,4807,424054538,73.24
740,Pie Filling - Cherry,119.25,1805,951134765,95.4
314,"Wine - Red, Cooking",33.3,1736,91607087,26.64
380,"Veal - Chops, Split, Frenched",76.94,7143,361914199,61.552
368,Wine - Guy Sage Touraine,3.74,3758,884890674,2.992
244,"Cup - 3.5oz, Foam",63.44,7083,421233348,50.752
309,Pomello,29.11,9596,502208544,23.288
485,Cheese - Brie,26.56,6189,480658751,21.248
670,Liners - Baking Cups,10.95,2492,812503568,8.76
970,Beer - Maudite,99.64,4515,756686230,79.712
142,Beans - Fine,4.77,8870,678442648,3.816
373,"Pork - Tenderloin, Fresh",41.05,9583,979090391,32.84
497,Asparagus - Mexican,51.51,270,123562415,41.208
936,Orange - Blood,90.49,8079,563437621,72.392
409,Beef - Top Sirloin,1.01,3147,530235040,0.808
332,Tart - Raisin And Pecan,104.93,3000,385039036,83.944
277,Kiwi,84.31,2417,541712389,67.448
224,Red Currant Jelly,99.62,6859,912629346,79.696
339,"Trout - Hot Smkd, Dbl Fillet",22.84,7083,606381293,18.272
149,Vacuum Bags 12x16,89.25,4704,36692673,71.4
560,Ham - Proscuitto,2.74,956,990686266,2.192
579,"Corn - Cream, Canned",23.11,5225,850017803,18.488
860,"Pepsi - Diet, 355 Ml",77.46,4657,728758254,61.968
274,Versatainer Nc - 9388,91.1,1494,608397150,72.88
459,"Coconut - Creamed, Pure",119.93,9868,564924879,95.944
262,"Lemonade - Mandarin, 591 Ml",34.86,7910,304373064,27.888
805,Sauce - Soy Low Sodium - 3.87l,31.87,3722,232319410,25.496
460,Foie Gras,73.14,8367,84191844,58.512
320,The Pop Shoppe Pinapple,37.69,9732,480173441,30.152
666,Pork - Caul Fat,58.65,6190,927791719,46.92
786,Beef - Kobe Striploin,91.42,7837,203972578,73.136
959,Soup - French Can Pea,85.97,5777,936147927,68.776
98,Wine - Chateau Aqueria Tavel,1.7,437,539158869,1.36
244,Cheese - Taleggio D.o.p.,119.4,1040,6297398,95.52
357,Cleaner - Pine Sol,36.62,7532,261476353,29.296
572,"Chocolate - Pistoles, White",117.73,8525,78669684,94.184
805,Ecolab Digiclean Mild Fm,82.46,8981,41085247,65.968
362,Baking Powder,23.04,803,853838434,18.432
280,Muffin Mix - Chocolate Chip,75.25,9571,234577383,60.2
633,"Clams - Littleneck, Whole",81.79,2401,439156448,65.432
350,"Pasta - Shells, Medium, Dry",89.63,7961,786218524,71.704
237,Wine - Magnotta - Pinot Gris Sr,58.48,674,323656885,46.784
117,Wine - Prosecco Valdobienne,25.5,6546,487384725,20.4
784,Table Cloth 62x114 White,20.8,531,377570256,16.64
863,"Pork - Butt, Boneless",86.67,7235,671713531,69.336
963,"Lobster - Baby, Boiled",13.83,6202,944756527,11.064
719,Raisin - Golden,44.05,9490,862865197,35.24
109,Pepper - Red Bell,71.24,4776,84393075,56.992
272,"Fish - Soup Base, Bouillon",80.47,8041,964719244,64.376
628,Pork Loin Cutlets,28.22,4296,902501316,22.576
755,Lemon Pepper,46.33,6626,350399255,37.064
538,Cup - 8oz Coffee Perforated,78.68,4725,910489170,62.944
38,Savory,32.59,4144,496478314,26.072
667,"Butter - Salted, Micro",67.94,6856,630721380,54.352
241,Carbonated Water - Blackcherry,82.25,9390,971991516,65.8
300,Papadam,49.56,4481,780243969,39.648
59,"Juice - Tomato, 48 Oz",41.09,7469,161911509,32.872
394,Pears - Bartlett,62.13,7661,991320015,49.704
300,Lamb - Ground,4.22,1314,581606002,3.376
259,Marjoram - Fresh,66.35,4945,558823308,53.08
718,Muffin Chocolate Individual Wrap,107.18,964,275059506,85.744
375,Oil - Olive Bertolli,3.85,2624,125208947,3.08
330,Mushroom - Chanterelle Frozen,28.81,3436,931538429,23.048
899,Carrots - Jumbo,38.2,7064,169439537,30.56
958,Container Clear 8 Oz,93.91,6634,263048020,75.128
979,Wine - Periguita Fonseca,52.07,1118,179835563,41.656
65,Coffee Cup 12oz 5342cd,91.69,2890,257962046,73.352
470,"Coconut - Shredded, Sweet",107.5,4227,623743896,86
301,Saskatoon Berries - Frozen,90.67,299,873296588,72.536
725,Fennel - Seeds,36.52,1202,666132623,29.216
745,"Soup - Knorr, Country Bean",22.57,4475,678411766,18.056
24,"Wine - Red, Antinori Santa",99,768,538630673,79.2
97,Pepper - Jalapeno,69.87,9446,807619072,55.896
563,"Sauce - Bernaise, Mix",45.72,7789,413416404,36.576
909,Mints - Striped Red,85.56,4447,421168565,68.448
843,Table Cloth 91x91 Colour,70.26,8797,911302273,56.208
637,Coffee - Almond Amaretto,31,9389,990107879,24.8
677,Energy - Boo - Koo,17.47,3110,562130639,13.976
218,"Juice - Clamato, 341 Ml",89.81,2212,160453990,71.848
286,"Juice - Cranberry, 341 Ml",100.39,6554,642565605,80.312
856,"Beef - Tenderlion, Center Cut",20.86,7757,506513868,16.688
669,"Bread - Roll, Whole Wheat",64.1,5714,888596746,51.28
159,Sauce - Caesar Dressing,54.86,3534,375675943,43.888
800,"Soup - Knorr, Chicken Noodle",19.15,2291,471537359,15.32
797,Pie Filling - Pumpkin,75.84,4373,881668013,60.672
626,Creme De Cacao Mcguines,79.55,4234,498740262,63.64
492,Salami - Genova,73.3,2276,595408708,58.64
963,Tamarillo,27.71,6622,56407651,22.168
261,Sugar - Brown,56.87,725,984153741,45.496
641,English Muffin,26.15,7731,964891225,20.92
750,Tomato - Plum With Basil,55.02,3727,303826496,44.016
874,"Peas - Pigeon, Dry",78.01,5082,877262812,62.408
8,Milk - Buttermilk,50.97,5023,36345756,40.776
903,Truffle Paste,9.67,5295,526412515,7.736
239,"Soup - Knorr, Classic Can. Chili",118.3,2308,945737811,94.64
405,Tea - Camomele,59.63,7932,172988224,47.704
23,"Bread - Dark Rye, Loaf",89.05,1568,895025292,71.24
969,Burger Veggie,87.04,9746,179195503,69.632
182,Cream Of Tartar,1.95,4604,897524900,1.56
719,"C - Plus, Orange",46.14,8836,307614482,36.912
676,Lotus Leaves,75.23,8225,932628985,60.184
731,Port - 74 Brights,93.61,8331,181956820,74.888
691,"Yogurt - Raspberry, 175 Gr",41.37,7296,388289052,33.096
822,"Beef - Roasted, Cooked",2.59,3107,753751528,2.072
164,Bay Leaf Fresh,76.05,4344,220161674,60.84
291,"Juice - Tomato, 48 Oz",9.47,6720,644490069,7.576
636,Basil - Thai,35.65,9607,441773667,28.52
565,Dr. Pepper - 355ml,84.44,435,676781677,67.552
340,Shiratamako - Rice Flour,32.16,9720,844391907,25.728
789,Cake - Night And Day Choclate,63.67,7131,123249598,50.936
178,Chocolate - Chips Compound,34.13,4586,434501202,27.304
99,Cheese - Goat With Herbs,86.63,1891,535417824,69.304
728,Garlic - Peeled,95.24,3675,351024250,76.192
813,Beer - Blue Light,78.69,3425,809687598,62.952
553,Savory,2.33,4194,992998104,1.864
181,"Mushroom - Shitake, Fresh",1.94,4369,660372698,1.552
49,Catfish - Fillets,88.25,8900,434938911,70.6
308,Soup - Verve - Chipotle Chicken,109.98,689,333109749,87.984
927,Port - 74 Brights,116.53,4325,691835570,93.224
457,Salt And Pepper Mix - Black,20.66,6997,657597619,16.528
858,"Wine - Red, Metus Rose",89.04,1820,687449733,71.232
734,Longos - Grilled Veg Sandwiches,82.22,8637,24557352,65.776
436,"Tart Shells - Savory, 3",52.28,7993,228479445,41.824
464,"Pepper - Red, Finger Hot",109.57,4044,948438448,87.656
122,Guinea Fowl,118.71,6289,735630183,94.968
977,Chocolate - Compound Coating,102,9702,348654057,81.6
915,Bagelers - Cinn / Brown Sugar,49.4,3959,180147441,39.52
449,Temperature Recording Station,13.9,1846,137152549,11.12
506,Beef - Sushi Flat Iron Steak,104.85,8220,608564172,83.88
384,Soup - Base Broth Beef,57.7,4419,461179324,46.16
871,"Pepper - Paprika, Hungarian",30,2878,675558791,24
91,Wine La Vielle Ferme Cote Du,107.25,2894,883209253,85.8
727,"Turkey - Breast, Boneless Sk On",47.42,6983,633216370,37.936
145,Wine - Prosecco Valdobienne,56.58,4180,506877381,45.264
949,Pork - Ground,11.89,5470,489542545,9.512
804,"Mop Head - Cotton, 24 Oz",84.67,1315,102447815,67.736
74,Water - Evian 355 Ml,31.5,8003,602786189,25.2
460,Honey - Liquid,30.77,924,711619309,24.616
206,Wine - Ice Wine,73.78,2815,784665936,59.024
121,"Pepper - Chillies, Crushed",89.5,3785,892549081,71.6
439,"Bar Mix - Pina Colada, 355 Ml",118.77,8982,577299813,95.016
378,Milk - Homo,68.36,9417,493195584,54.688
435,Sambuca - Opal Nera,52.01,5541,925835308,41.608
795,"Vermouth - Sweet, Cinzano",24.49,8029,441611222,19.592
454,Napkin - Beverage 1 Ply,77.43,4039,526955389,61.944
241,Pepper - Cayenne,70.61,7875,534882554,56.488
893,Stock - Fish,1.1,406,382405850,0.88
368,Temperature Recording Station,40.2,3505,855798432,32.16
642,Creme De Menth - White,84.81,8808,226677077,67.848
196,Eggplant - Asian,105.25,5793,227421830,84.2
413,Lamb - Loin Chops,78.33,7741,947489806,62.664
277,Cake - Pancake,86.3,7700,366853860,69.04
200,Sobe - Orange Carrot,46.47,9312,782720012,37.176
431,Dry Ice,8.01,1506,956990616,6.408
279,Chutney Sauce - Mango,20.76,6478,416711068,16.608
502,Tuna - Salad Premix,96.13,8465,562790443,76.904
178,Versatainer Nc - 9388,114.85,3692,195363214,91.88
166,Creme De Banane - Marie,88.27,6078,670477392,70.616
607,"Bread - Bagels, Mini",38.43,9858,929361809,30.744
528,Wine - Alsace Riesling Reserve,45.38,4685,455267562,36.304
363,Salt And Pepper Mix - White,50.1,2726,210946877,40.08
792,Wine - Pinot Noir Stoneleigh,111.13,8663,953764180,88.904
641,Flour - Whole Wheat,13.99,8839,67828273,11.192
611,Wine - Remy Pannier Rose,108.68,8979,738408876,86.944
246,Juice - Orangina,3.71,164,417466072,2.968
268,"Beef - Ox Tongue, Pickled",112.45,6101,20380952,89.96
609,Red Pepper Paste,59.1,7237,393605151,47.28
331,Truffle Cups Green,79.38,9658,913645174,63.504
144,Towel - Roll White,117.13,6430,471131553,93.704
542,Wine - George Duboeuf Rose,97.96,4161,459921756,78.368
978,Pear - Halves,55.11,4402,612590207,44.088
427,"Pork - Back, Short Cut, Boneless",17.71,5541,468252887,14.168
534,Napkin White - Starched,87.7,7775,133682711,70.16
20,Couscous,44.03,3552,504641975,35.224
658,Pepper - Cayenne,31.83,4021,717904414,25.464
116,Honey - Liquid,48.2,3107,231772912,38.56
502,Pepper - Red Bell,32.14,3905,989819824,25.712
762,"Brandy - Orange, Mc Guiness",38.6,2094,218326133,30.88
97,"Salmon - Smoked, Sliced",108.43,6445,186169254,86.744
84,Flour - Teff,38.75,615,788284663,31
797,Sausage - Liver,3,5329,114992352,2.4
173,Ice Cream Bar - Hagen Daz,12.92,5437,12368022,10.336
390,"Roe - Lump Fish, Red",47.24,3709,716405973,37.792
18,Neckerchief Blck,83.74,6889,528689442,66.992
920,"Pasta - Bauletti, Chicken White",48.32,9477,268521958,38.656
736,"Soup - Campbells, Cream Of",24.04,5626,361349876,19.232
156,Cookie Dough - Chunky,55.9,2985,730842124,44.72
343,Broom - Push,116.69,7289,56970044,93.352
385,Pepper - Green Thai,63.12,4569,664912199,50.496
907,"Lemonade - Natural, 591 Ml",98.98,3859,492957774,79.184
131,Tea - Herbal I Love Lemon,18.43,4011,658636036,14.744
836,Myers Planters Punch,115.12,1416,816901358,92.096
830,"Iced Tea - Lemon, 340ml",110.31,7813,309494882,88.248
820,Wine - Zonnebloem Pinotage,29.54,7124,943888821,23.632
179,Thyme - Dried,63.08,9651,803934580,50.464
909,Figs,86.03,3552,993988583,68.824
40,Cheese - La Sauvagine,89.91,3963,684332857,71.928
429,Pork - Shoulder,52.24,8888,717120423,41.792
436,Flower - Carnations,13.45,3623,143353686,10.76
713,"Fish - Soup Base, Bouillon",96.35,891,360079732,77.08
260,Beer - Labatt Blue,68.31,1515,602643585,54.648
783,Beans - Yellow,15.11,7458,378596266,12.088
143,"Veal - Inside Round / Top, Lean",12.41,3686,496405440,9.928
883,"Wine - Harrow Estates, Vidal",23.53,4746,826727160,18.824
721,Peppercorns - Pink,19.05,717,150765602,15.24
461,Chips - Potato Jalapeno,19.05,7691,477709973,15.24
161,Wakami Seaweed,3.77,8275,295359585,3.016
418,Filter - Coffee,26.86,1544,527267034,21.488
241,"Pork - Butt, Boneless",84.34,1048,673058271,67.472
795,Soho Lychee Liqueur,45.67,8771,994773393,36.536
840,"Gin - Gilbeys London, Dry",43.91,9259,972539566,35.128
589,Brandy - Bar,80.7,2460,88492800,64.56
545,Sauce - Demi Glace,17.64,4971,230908311,14.112
624,Monkfish Fresh - Skin Off,4.68,7100,76828610,3.744
61,Bread Roll Foccacia,95.27,3382,930177263,76.216
479,Sauce - Mint,88.87,9704,525107662,71.096
398,Salt And Pepper Mix - Black,73.97,6824,720694102,59.176
154,Greens Mustard,38.07,1802,392671425,30.456
533,Pea - Snow,15.65,6850,473679179,12.52
797,Potatoes - Idaho 100 Count,46.8,1152,488155206,37.44
866,Broom And Brush Rack Black,106.19,5021,942299149,84.952
877,Wine - Tribal Sauvignon,41.48,7017,543232877,33.184
36,Magnotta - Bel Paese White,2.39,582,186386974,1.912
998,Longos - Greek Salad,43.86,7631,6008205,35.088
680,Nescafe - Frothy French Vanilla,61.44,2952,588953646,49.152
306,"Pork - Tenderloin, Frozen",93.16,7631,570081547,74.528
73,Lettuce - Arugula,95.96,325,167504010,76.768
752,Kiwi Gold Zespri,104.98,4961,346099458,83.984
45,Beans - Kidney White,14.83,1246,756877998,11.864
879,"Wine - Red, Antinori Santa",113.51,3271,627403387,90.808
111,Cheese - Wine,78.17,9617,450758599,62.536
883,Cornflakes,37.1,5933,207521787,29.68
126,Pea - Snow,100.78,7291,249016758,80.624
275,Straws - Cocktale,13.97,4986,184983908,11.176
369,"Chicken - Diced, Cooked",116.5,3574,757995371,93.2
334,Compound - Orange,52.02,9465,625937037,41.616
311,"Wine - Red, Metus Rose",102.38,4235,76275136,81.904
948,Trout - Smoked,63.9,201,194237348,51.12
490,Tilapia - Fillets,13.71,9399,681437680,10.968
244,"Cod - Salted, Boneless",82.9,3304,123070381,66.32
261,"Pasta - Rotini, Colour, Dry",93.75,813,950100707,75
151,Steam Pan - Half Size Deep,95,261,815091983,76
611,Vodka - Smirnoff,73.29,1421,319100872,58.632
450,Lettuce - Red Leaf,108.3,4813,474759156,86.64
244,Sauce Bbq Smokey,39.04,2304,470460098,31.232
781,Milk - 1%,27.1,7761,243779410,21.68
753,Sausage - Chorizo,36.25,8967,317102045,29
805,Nut - Macadamia,82.74,6352,42567635,66.192
813,Soap - Hand Soap,101.82,9678,972819178,81.456
800,Pork - Ham Hocks - Smoked,30.03,5487,575029293,24.024
905,Bread - Pumpernickel,4.71,7944,67887200,3.768
780,Raspberries - Frozen,82.86,7119,382586135,66.288
344,Jicama,26.13,2658,607691815,20.904
162,Sobe - Orange Carrot,94.25,1336,200275433,75.4
200,Towel Dispenser,39.56,8759,462227585,31.648
9,Steam Pan Full Lid,73.78,7667,510938210,59.024
107,"Quail - Eggs, Fresh",77.02,7410,746202922,61.616
357,Waffle Stix,30.79,6581,813697412,24.632
71,Mace,115.6,5376,957189344,92.48
251,Wine - Sauvignon Blanc Oyster,31.72,4344,387883854,25.376
39,Carrots - Mini Red Organic,89.48,2098,629772365,71.584
371,"Tomatoes - Vine Ripe, Yellow",2.17,2412,61465567,1.736
689,Miso Paste White,108.4,551,807143449,86.72
379,Lychee - Canned,48.62,5288,133077339,38.896
873,Wine - Muscadet Sur Lie,9.27,3850,512099507,7.416
50,Coffee - Frthy Coffee Crisp,22.46,5227,395231303,17.968
251,Sprouts - Baby Pea Tendrils,81.93,4340,860335013,65.544
355,Clam - Cherrystone,51.78,4296,129362301,41.424
187,Bread - Multigrain Oval,5.58,595,798500400,4.464
399,Steampan Lid,59.19,8366,895773369,47.352
210,Island Oasis - Ice Cream Mix,54.26,8038,465699506,43.408
148,Huck White Towels,17.04,4308,381422936,13.632
900,Bread - Sour Batard,89.51,3666,28426377,71.608
93,Grapefruit - White,30.17,1574,444821992,24.136
99,Hinge W Undercut,69.06,108,24108453,55.248
607,Sprite - 355 Ml,35.14,962,623355640,28.112
7,"Soup - Campbells, Butternut",114.59,1090,125369236,91.672
948,"Shrimp - Baby, Warm Water",60.73,9178,746318588,48.584
400,Cheese - Cambozola,40.05,2990,989920725,32.04
671,"Beef - Rib Roast, Capless",5.32,9290,20998143,4.256
91,Lotus Leaves,48.42,1635,387433032,38.736
623,"Pasta - Elbows, Macaroni, Dry",94.5,634,487739605,75.6
632,Muffin - Mix - Bran And Maple 15l,30.35,9040,311538078,24.28
896,Grapefruit - Pink,101.83,2848,745758119,81.464
770,Wine - Ej Gallo Sonoma,106.56,8385,342418809,85.248
447,Veal - Loin,78.03,5846,229713755,62.424
798,Crab Meat Claw Pasteurise,44.81,2131,751942771,35.848
581,Energy Drink - Franks Original,31.93,1535,194787263,25.544
118,Ezy Change Mophandle,43.42,2578,674644738,34.736
795,Bread - Triangle White,117.74,5717,982777959,94.192
190,Spinach - Packaged,17.16,5715,575274779,13.728
786,Muffin Batt - Ban Dream Zero,89.06,2326,856904284,71.248
440,Beer - Sleeman Fine Porter,84.35,9388,54514963,67.48
971,Eel - Smoked,90.19,3007,402689760,72.152
940,"Chicken - White Meat, No Tender",66.34,643,374726683,53.072
276,Huck Towels White,69.13,5370,507902791,55.304
371,Dried Cherries,78.55,656,625911516,62.84
542,"Tray - Foam, Square 4 - S",118.96,3851,176662026,95.168
745,Nutmeg - Ground,117.05,4273,549305858,93.64
420,Tea - Jasmin Green,42.89,1094,579503822,34.312
891,Carbonated Water - White Grape,112.39,8332,499890248,89.912
666,Tofu - Firm,38.84,2810,294246169,31.072
464,"Pork - Ham, Virginia",12.63,8110,355612066,10.104
415,Napkin - Beverage 1 Ply,31.85,2804,939820522,25.48
669,Tumeric,2.75,3584,302581468,2.2
303,Lemonade - Pineapple Passion,99.25,4946,628485644,79.4
828,Oil - Peanut,62.25,9209,159327070,49.8
256,Parsley - Dried,33.95,2946,255680555,27.16
113,"Nut - Chestnuts, Whole",54.59,7559,278711624,43.672
121,"Seedlings - Mix, Organic",52.72,1484,917288918,42.176
342,Ice Cream - Turtles Stick Bar,19.3,3410,12703215,15.44
705,Spinach - Frozen,80.49,6464,241879889,64.392
859,Mangostein,34.52,1990,42994638,27.616
145,"Wine - White, Riesling, Henry Of",9.48,865,834135224,7.584
773,Apples - Sliced / Wedge,48.78,9553,586068280,39.024
71,Praline Paste,113.77,3204,610947985,91.016
885,Tart - Lemon,51.31,9474,119649852,41.048
154,Anisette - Mcguiness,39.22,7475,882856811,31.376
208,Dikon,83.39,9246,327118100,66.712
233,Macaroons - Two Bite Choc,55.1,8187,828632654,44.08
328,Lettuce - Lolla Rosa,18.62,3543,616493079,14.896
891,Bread - Sour Batard,72,7353,729644129,57.6
548,Chef Hat 20cm,58.54,4348,771529844,46.832
552,"Lamb - Shoulder, Boneless",69.95,3632,212642449,55.96
889,Icecream - Dstk Strw Chseck,99.41,8564,979791248,79.528
185,Apples - Spartan,45.3,2609,386387850,36.24
109,"Rum - Cream, Amarula",19.88,6167,743662664,15.904
367,Pail With Metal Handle 16l White,102.25,4923,535054703,81.8
312,"Napkin - Beverge, White 2 - Ply",61.8,6124,553730934,49.44
978,Soup Bowl Clear 8oz92008,104.02,4526,941142869,83.216
342,Versatainer Nc - 8288,10.79,7028,509185722,8.632
930,Alize Sunset,55.03,1819,608214082,44.024
950,"Nut - Walnut, Pieces",103.05,6414,446008189,82.44
6,Bread - Bistro White,53.02,5135,438045286,42.416
677,Soup - Base Broth Chix,54.9,9465,442011474,43.92
84,"Carrots - Purple, Organic",73.71,4177,782521151,58.968
939,Dip - Tapenade,22.87,6134,533090329,18.296
134,Propel Sport Drink,28.1,1673,130174366,22.48
570,Coffee - 10oz Cup 92961,27.01,5985,309067139,21.608
784,Zucchini - Green,37.45,1819,896380466,29.96
927,"Soup - Knorr, Ministrone",96.39,713,202391418,77.112
861,Red Pepper Paste,89.1,5262,178992995,71.28
520,"Pork - Loin, Boneless",55.13,469,936331643,44.104
560,Bread - Raisin Walnut Oval,59.67,6436,903107581,47.736
584,Banana,84.65,4757,765725086,67.72
523,Orange Roughy 6/8 Oz,96.45,2835,907544531,77.16
4,Godiva White Chocolate,55.53,126,289263364,44.424
887,"Pasta - Cannelloni, Sheets, Fresh",23.41,1135,507050840,18.728
455,Cheese - Ricotta,104.63,6039,21617330,83.704
651,Glove - Cutting,89.65,8364,248815064,71.72
739,Pepper - Roasted Red,29.57,6821,729382291,23.656
753,"Lemonade - Island Tea, 591 Ml",59.55,9321,90129919,47.64
583,Onion - Dried,41.05,7713,902068422,32.84
652,Chocolate Bar - Reese Pieces,98.16,5718,561655663,78.528
157,Tea - Orange Pekoe,63.07,4698,665667547,50.456
151,Pie Box - Cello Window 2.5,14.79,7367,411435241,11.832
864,Sping Loaded Cup Dispenser,38.52,8238,296279297,30.816
717,Lid Tray - 16in Dome,112.47,3959,741861997,89.976
209,Bread - Burger,118.95,7711,147688732,95.16
296,"Wine - White, Concha Y Toro",48.66,7336,932938289,38.928
336,Silicone Parch. 16.3x24.3,65.45,6244,7278574,52.36
464,Juice - Mango,24.35,2466,33087843,19.48
902,Muffin Mix - Lemon Cranberry,102.75,6894,130317362,82.2
776,Broom And Broom Rack White,24.41,5075,776889568,19.528
124,Chip - Potato Dill Pickle,77.95,8474,37716063,62.36
317,Curry Powder,8.36,1915,574003426,6.688
395,Icecream - Dstk Strw Chseck,35.2,3992,29707704,28.16
466,Garbage Bags - Black,66.15,5102,45303432,52.92
436,"Beans - Long, Chinese",105.26,2523,869800989,84.208
771,Petite Baguette,19.32,7604,920268974,15.456
34,Shrimp - Prawn,44.4,3472,125879554,35.52
165,Pumpkin - Seed,11.7,8148,226526531,9.36
963,Squash - Pepper,48.96,6694,794836691,39.168
450,Muffin Mix - Chocolate Chip,48.4,5426,873158306,38.72
102,Cheese - Gouda,26.52,4092,48287037,21.216
14,Blouse / Shirt / Sweater,91.18,1019,323007743,72.944
684,Nestea - Iced Tea,104.28,2205,301294282,83.424
442,Cheese - Le Cheve Noir,111.09,3799,619324873,88.872
124,Capicola - Hot,50.44,2982,699351394,40.352
691,Tumeric,56.38,3979,812854239,45.104
188,Sausage - Liver,45.39,2095,749475119,36.312
913,Coffee - Decaffeinato Coffee,51.88,2353,105835846,41.504
453,Chocolate - Unsweetened,1.79,2621,85120434,1.432
964,Juice - Ocean Spray Kiwi,8.44,4461,368382468,6.752
611,Beef - Inside Round,59.43,9724,47006452,47.544
227,Tart - Butter Plain Squares,17.64,3239,100927677,14.112
796,Sobe - Cranberry Grapefruit,71.19,3079,608375978,56.952
616,"Cheese - Boursin, Garlic / Herbs",43.82,4046,513215125,35.056
796,Tamarillo,57.24,3985,980297444,45.792
936,Wine - Shiraz South Eastern,38.43,4103,265136318,30.744
476,"Plate - Foam, Bread And Butter",92.86,6538,778642190,74.288
875,Beef - Shank,50.13,6974,894400437,40.104
825,"Carrots - Mini, Stem On",35.41,1030,166710078,28.328
556,Tamarind Paste,47.67,1385,480985327,38.136
102,Cheese - Comte,22.43,8274,546583030,17.944
677,"Cup - 3.5oz, Foam",106.54,1783,24793341,85.232
933,Glycerine,56.57,1169,703929522,45.256
687,Beef - Kobe Striploin,67.95,2942,305164341,54.36
846,Gelatine Leaves - Envelopes,70.02,7112,411654277,56.016
592,Lettuce - Romaine,108.42,7153,982243645,86.736
25,"Pepper - Julienne, Frozen",78.23,3595,280489645,62.584
691,Amarula Cream,79.97,7537,476315971,63.976
566,Veal - Bones,91.49,1868,559181802,73.192
552,Muffin - Carrot Individual Wrap,95.35,8414,277355773,76.28
271,"Coke - Diet, 355 Ml",57.46,7088,868488815,45.968
813,Cheese - Fontina,58.51,6167,135106387,46.808
601,"Tomatoes - Vine Ripe, Yellow",42.33,3669,354542118,33.864
955,Wine - Savigny - Les - Beaune,62.91,5196,842971448,50.328
480,Tomato - Peeled Italian Canned,53.82,3559,622348361,43.056
867,Ecolab - Balanced Fusion,37.88,4159,535582727,30.304
302,Ecolab - Solid Fusion,76.08,7725,553924243,60.864
135,"Coke - Classic, 355 Ml",49.65,7665,846263996,39.72
319,Bread - Malt,36.03,1484,960486740,28.824
331,Beer - Sleemans Honey Brown,3.15,9952,212765182,2.52
144,Truffle Paste,31.49,9152,339132768,25.192
281,"Stock - Beef, Brown",86.14,7900,350765957,68.912
514,Sauce - Hp,84.33,6010,14793389,67.464
185,Vinegar - Raspberry,78.95,3638,835523065,63.16
135,Jerusalem Artichoke,33.97,5573,609278595,27.176
52,Cheese - Ricotta,101.31,9721,126319682,81.048
182,Wine - Rosso Del Veronese Igt,63.68,9754,650302163,50.944
360,"Sauce - Gravy, Au Jus, Mix",88.19,2165,200259165,70.552
613,"Lemonade - Natural, 591 Ml",29.01,9738,144328129,23.208
738,Sandwich Wrap,67.34,9841,542742484,53.872
811,Garlic,80.52,2908,53486677,64.416
803,Sauce - Mint,73.64,3655,570417762,58.912
257,Dawn Professionl Pot And Pan,60.16,5131,171306113,48.128
648,Chinese Foods - Thick Noodles,48.39,4428,189340632,38.712
476,Pancetta,113.41,8909,628149769,90.728
283,"Beef - Rouladin, Sliced",91.52,4616,137972265,73.216
611,Sachet,118.9,935,236778947,95.12
6,Cleaner - Bleach,64.64,8880,447673134,51.712
458,Garbage Bag - Clear,3.6,1259,881589802,2.88
136,Sauce - Ranch Dressing,70.45,2655,878652473,56.36
269,Wine - Beaujolais Villages,81.81,4329,631144883,65.448
550,Mortadella,76.91,2731,403598140,61.528
884,Crab Meat Claw Pasteurise,53.23,7468,493948795,42.584
280,Tea - Green,99.27,7146,730042040,79.416
368,Southern Comfort,24.65,6278,641045524,19.72
92,Muffins - Assorted,21.2,1398,997855883,16.96
267,"Oil - Truffle, White",35.12,3325,895437962,28.096
190,Pepper - Green Thai,43.84,1699,536675351,35.072
84,Wine - Jaboulet Cotes Du Rhone,57.55,9573,339681905,46.04
939,"Cup - 6oz, Foam",92.68,4670,390003072,74.144
967,Honey - Lavender,30.45,2265,367214278,24.36
566,Flower - Leather Leaf Fern,37.21,3393,964118316,29.768
757,Flower - Dish Garden,24.09,5623,461604031,19.272
835,Wine - Bouchard La Vignee Pinot,77.37,2781,520886202,61.896
95,"Cake Circle, Foil, Scallop",68.36,3999,562720920,54.688
526,Fuji Apples,69.45,5432,631300433,55.56
562,Wine - Crozes Hermitage E.,27.02,9091,700222188,21.616
390,"Tarragon - Primerba, Paste",102.2,8065,410137345,81.76
856,Flour - Rye,65.22,8803,550305471,52.176
518,Yukon Jack,17.06,3873,201620062,13.648
181,Anchovy Paste - 56 G Tube,71.72,2544,438532059,57.376
876,Bread - Pumpernickel,70.53,4130,749359348,56.424
221,"Shrimp, Dried, Small / Lb",105.36,5363,796200183,84.288
618,Maintenance Removal Charge,42.24,5872,653669085,33.792
164,Wine - Cabernet Sauvignon,104.62,2338,72305413,83.696
811,"Shrimp - 16/20, Iqf, Shell On",97.79,1649,651842801,78.232
80,Tea - Herbal - 6 Asst,31.38,255,851423360,25.104
860,Icecream - Dstk Super Cone,11.07,3409,644148685,8.856
266,Sword Pick Asst,72.87,8566,730717155,58.296
92,Nescafe - Frothy French Vanilla,37.45,4040,542359016,29.96
21,Pork Salted Bellies,49.91,3215,364126904,39.928
328,Longos - Assorted Sandwich,109.35,4098,864956817,87.48
557,"Bread - Rolls, Rye",95.85,6917,850957187,76.68
25,"Ham - Smoked, Bone - In",87.53,3279,504253058,70.024
618,Wine - Toasted Head,117.88,4457,434171840,94.304
671,Plastic Wrap,14.53,8089,171640470,11.624
542,French Kiss Vanilla,49.65,6579,777076572,39.72
472,Danishes - Mini Raspberry,19.8,266,49356695,15.84
640,Chinese Foods - Chicken,81.46,2267,537917530,65.168
943,Wine - Blue Nun Qualitatswein,83.65,4786,428579756,66.92
815,Easy Off Oven Cleaner,67.93,1775,968977374,54.344
174,Wine - White Cab Sauv.on,36.14,3398,612456385,28.912
429,Flour - Semolina,75.02,5045,902020786,60.016
224,"Brownies - Two Bite, Chocolate",108.46,9923,25199566,86.768
47,Chips - Potato Jalapeno,32.61,5395,437713203,26.088
644,"Cheese - Cheddar, Old White",5.33,586,791608762,4.264
697,Chickensplit Half,62.53,2550,333652837,50.024
176,"Vodka - Hot, Lnferno",23.29,827,390035197,18.632
72,"Soup - Knorr, Chicken Gumbo",19.05,6259,649226206,15.24
862,Pate - Liver,18.95,4591,643152770,15.16
839,Nantucket - Pomegranate Pear,16.68,6793,742429119,13.344
358,Pickles - Gherkins,74.51,5237,715111721,59.608
356,Oats Large Flake,43.97,6869,695286062,35.176
738,Jameson - Irish Whiskey,120,2592,803332007,96
934,Island Oasis - Peach Daiquiri,39.88,6250,82719798,31.904
970,"Juice - Apple, 341 Ml",59.67,4104,892294353,47.736
13,Carrots - Jumbo,21.9,6811,33301136,17.52
359,Bols Melon Liqueur,30.14,378,228359740,24.112
187,Cheese - Bakers Cream Cheese,116.14,7708,863710429,92.912
632,Pork - Backfat,57.94,6255,592887027,46.352
383,Ginger - Crystalized,31.33,677,134626374,25.064
918,Waffle Stix,75.84,6207,355887287,60.672
594,Corn Shoots,52.36,9317,196420974,41.888
544,Bread - Italian Sesame Poly,106.12,7942,339482285,84.896
438,Pineapple - Golden,42.75,6150,19491954,34.2
792,Tandoori Curry Paste,94.02,8139,398632585,75.216
718,"Wine - Cahors Ac 2000, Clos",51.95,5934,317382605,41.56
897,Bread Cranberry Foccacia,59.88,1274,571098555,47.904
835,"Turkey - Whole, Fresh",36.2,7499,763085229,28.96
541,Emulsifier,74.89,3015,372772758,59.912
616,Wine - Rhine Riesling Wolf Blass,2.66,1690,881138254,2.128
873,Venison - Denver Leg Boneless,81.37,1841,762729846,65.096
273,"Pork - Back, Short Cut, Boneless",55.72,7381,280496127,44.576
544,Soup - Campbells - Tomato,1.69,4542,594876095,1.352
124,Rice - Brown,46.32,5729,197664528,37.056
885,Scallops - 10/20,69.45,7553,980871616,55.56
525,Sandwich Wrap,109.6,3823,121195634,87.68
912,Island Oasis - Lemonade,17.74,1506,553045205,14.192
946,Lamb - Shoulder,28.76,1152,337850070,23.008
268,Grapefruit - White,34.8,8036,521990706,27.84
881,Dooleys Toffee,102.33,5283,434894910,81.864
285,Cake - Cake Sheet Macaroon,38.25,5781,643462143,30.6
467,Cup Translucent 9 Oz,46.73,882,200439093,37.384
379,Beef - Salted,91.91,4368,425932222,73.528
660,"Doilies - 7, Paper",83.34,328,108738574,66.672
22,Spice - Greek 1 Step,57.67,692,964228107,46.136
765,Wine - Barossa Valley Estate,71,7983,151870142,56.8
557,"Coke - Diet, 355 Ml",13.04,8445,33611057,10.432
863,Clementine,63.04,8041,453010494,50.432
221,Soup Campbells Mexicali Tortilla,12.27,7644,492084447,9.816
513,Bouillion - Fish,46.79,3238,455114997,37.432
696,Wine - Pinot Noir Pond Haddock,112.07,4165,308771364,89.656
929,Piping Jelly - All Colours,45.73,6296,800072891,36.584
243,Spice - Peppercorn Melange,33.77,9148,286595869,27.016
219,Napkin - Beverage 1 Ply,113.03,4046,597476053,90.424
654,Beer - True North Lager,39.78,1269,261823334,31.824
216,Tea - Herbal I Love Lemon,117.39,2694,382273563,93.912
526,Soup - Campbellschix Stew,111.09,1174,669674714,88.872
903,Table Cloth 90x90 White,96.48,4228,947601441,77.184
426,Lobster - Tail 6 Oz,71.05,9293,284738714,56.84
837,Energy Drink Red Bull,1.82,891,261922740,1.456
850,Wine - Vidal Icewine Magnotta,47.25,9845,209800831,37.8
702,"Wine - Red, Antinori Santa",83.35,6125,844561371,66.68
21,Carbonated Water - Wildberry,25.23,2809,137209489,20.184
128,Mudslide,13.4,9728,817323245,10.72
425,Long Island Ice Tea,18.73,7110,595170601,14.984
120,Pork - Shoulder,28.51,3877,153756889,22.808
773,Filling - Mince Meat,53.35,1910,933639430,42.68
330,"Vinegar - Balsamic, White",92.93,1666,314359625,74.344
605,"Wine - Red, Gamay Noir",60.92,9101,745753906,48.736
974,"Beef - Rib Roast, Capless",64.58,7419,235145319,51.664
276,Skewers - Bamboo,105.17,5919,78943023,84.136
717,Squash - Sunburst,43.48,2895,294021714,34.784
314,Papadam,108.18,8520,902979330,86.544
441,Pears - Fiorelle,61.87,1535,106559519,49.496
664,Shrimp - 31/40,86.17,655,218523880,68.936
347,Carbonated Water - Strawberry,25.01,7284,419372288,20.008
136,Vodka - Moskovskaya,37.47,4077,348805851,29.976
14,Samosa - Veg,5.49,5200,704508662,4.392
96,Pizza Pizza Dough,44.29,4543,762935651,35.432
338,Wine - Ruffino Chianti Classico,119.79,7245,864949259,95.832
730,Raspberries - Fresh,116.48,7006,141423958,93.184
312,Bag - Regular Kraft 20 Lb,4.01,9907,14724919,3.208
177,Rolled Oats,68.54,4923,370471719,54.832
128,Onions - Green,77.31,7420,639475072,61.848
615,Pork Loin Cutlets,3.69,7132,522313621,2.952
564,Broom - Corn,24.77,8433,611169111,19.816
308,Chicken - Bones,90.74,4457,337093128,72.592
792,Pate Pans Yellow,86.54,8123,307608340,69.232
633,Sunflower Seed Raw,29.86,1114,271713004,23.888
492,"Nut - Chestnuts, Whole",90.78,5170,832588833,72.624
974,"Artichoke - Hearts, Canned",72.52,1944,413602488,58.016
614,Bread - Corn Muffaletta,39.72,5082,830854539,31.776
890,Juice - Mango,32.04,8085,83325221,25.632
242,Spinach - Spinach Leaf,86.99,9632,383608003,69.592
503,Towels - Paper / Kraft,31,9722,685740338,24.8
299,"Rum - Cream, Amarula",26.98,4644,329900186,21.584
427,Cheese - Stilton,92.22,553,531464301,73.776
252,Cream - 10%,1.7,5624,527082097,1.36
179,Water - Green Tea Refresher,27.87,3892,539150952,22.296
320,Puree - Strawberry,2.15,242,681108371,1.72
881,Milk - Chocolate 500ml,79.73,7113,12582880,63.784
629,Wine - Chateauneuf Du Pape,11.6,3128,25235245,9.28
622,"Beef - Kindney, Whole",70.46,8743,951362242,56.368
10,"Beef - Tongue, Cooked",74.39,6313,138519355,59.512
224,Appetizer - Sausage Rolls,21.48,4411,955032941,17.184
509,Ecolab - Mikroklene 4/4 L,52.58,1998,499926700,42.064
316,Blouse / Shirt / Sweater,38.03,6685,937719635,30.424
12,Oil - Peanut,86.82,8272,313398045,69.456
22,Eggplant - Asian,59.35,4823,50678583,47.48
482,"Pail - 4l White, With Handle",93.77,4296,838559418,75.016
484,"Appetizer - Spring Roll, Veg",73.31,5141,765864240,58.648
735,Apple - Custard,98.07,4064,327586139,78.456
48,"Wine - Red, Gamay Noir",25.51,5557,81619827,20.408
595,Tea - Orange Pekoe,103.67,4425,797349417,82.936
433,Five Alive Citrus,13.56,8164,514704560,10.848
486,"Beef - Chuck, Boneless",116.72,2312,593929860,93.376
680,Steam Pan - Half Size Deep,78.82,5597,640134731,63.056
219,Lamb Shoulder Boneless Nz,57.82,9852,533798891,46.256
728,Venison - Denver Leg Boneless,82.9,5015,183176552,66.32
156,Yokaline,41.49,1790,208344541,33.192
760,Cornflakes,44.32,8014,496314362,35.456
941,External Supplier,66.34,4445,310321466,53.072
532,Soup Campbells Mexicali Tortilla,19.67,5578,199663523,15.736
45,Wine - Chateau Timberlay,41.22,2580,919837688,32.976
229,Cornflakes,109.75,8520,610351313,87.8
857,Lamb Rack Frenched Australian,14.41,8199,504040349,11.528
386,Pails With Lids,104.22,366,793038552,83.376
674,"Lemonade - Strawberry, 591 Ml",75.13,9782,342196173,60.104
685,Wine - Lamancha Do Crianza,54.45,6459,238283927,43.56
529,Appetizer - Mushroom Tart,48.87,980,355552184,39.096
781,Blueberries - Frozen,107.13,6357,194303973,85.704
111,Spice - Montreal Steak Spice,15.12,3180,622263157,12.096
390,Dawn Professionl Pot And Pan,15.28,4477,373906417,12.224
770,Dawn Professionl Pot And Pan,100.59,4314,832073386,80.472
786,"Sauce - Apple, Unsweetened",4.28,280,901918842,3.424
818,Beef - Striploin Aa,76.42,6548,4751205,61.136
195,Cheese - Brie Roitelet,46.45,2719,395799049,37.16
882,"Corn - Cream, Canned",45.12,4839,772943729,36.096
324,Broom And Broom Rack White,18.75,2637,898395817,15
975,Sherbet - Raspberry,17.39,5245,386960979,13.912
849,"Garlic - Primerba, Paste",110.71,896,351353422,88.568
106,Cheese - Goat With Herbs,57.8,8369,465491347,46.24
262,"Fish - Soup Base, Bouillon",44.98,3684,354036295,35.984
216,"Brownies - Two Bite, Chocolate",72.89,6639,982818653,58.312
690,Fondant - Icing,94.89,5698,553794200,75.912
766,"Syrup - Monin, Amaretta",110.14,5991,952552656,88.112
622,Table Cloth 62x120 Colour,55.38,8982,926342582,44.304
641,Arrowroot,119.37,7533,700438711,95.496
230,Orange - Tangerine,70.15,5727,73054852,56.12
557,Wine - Chenin Blanc K.w.v.,36.7,269,163236574,29.36
477,Juice - V8 Splash,88.96,3350,205871912,71.168
902,Pork - Kidney,100.66,1404,422219763,80.528
198,Oil - Margarine,94.35,324,805890970,75.48
981,Chicken - Base,35.54,9210,573199539,28.432
480,"Juice - Apple, 500 Ml",13.56,3604,893400827,10.848
657,Pears - Bosc,11.36,7812,370255434,9.088
811,White Baguette,9,6334,435925585,7.2
882,Tea - Lemon Scented,9.58,1781,467119000,7.664
638,"Beef - Cooked, Corned",2.19,9910,997048439,1.752
717,Muffin Mix - Corn Harvest,32.49,4592,990094883,25.992
939,Cup - Translucent 7 Oz Clear,78.67,4612,245087582,62.936
899,Ham - Cooked Italian,79.41,8842,740446070,63.528
557,"Gingerale - Schweppes, 355 Ml",114.82,241,262734879,91.856
812,Peppercorns - Pink,27.07,9035,312493339,21.656
7,Papadam,60.09,1628,101389548,48.072
235,Soup - Verve - Chipotle Chicken,95.85,6225,760681639,76.68
269,Container - Clear 32 Oz,15.43,2044,992459543,12.344
388,Pear - Prickly,102.09,4228,847314667,81.672
91,Coriander - Ground,101.5,1385,300279666,81.2
464,Puree - Kiwi,36.09,4977,71518590,28.872
228,"Chicken - Diced, Cooked",117.09,7279,421501408,93.672
852,Pepper - Pablano,61.66,4134,598996763,49.328
465,"Pasta - Lasagna Noodle, Frozen",6.17,4245,510975627,4.936
469,Coffee Cup 8oz 5338cd,29.01,8507,67834619,23.208
425,Cassis,109.41,9384,412907676,87.528
630,Tomatoes,16.61,1102,139786834,13.288
789,Garlic - Peeled,104.77,1703,88370376,83.816
717,Smirnoff Green Apple Twist,76.13,9095,416402628,60.904
126,Browning Caramel Glace,99.48,1975,699278518,79.584
814,Soup Campbells Turkey Veg.,78.12,9079,23024677,62.496
794,"Lamb - Racks, Frenched",28.68,128,43562062,22.944
525,"Mushroom - Porcini, Dry",85.04,5725,479263514,68.032
813,Gooseberry,67.87,7832,49558177,54.296
757,Dry Ice,89.91,6699,126431638,71.928
746,Bacardi Breezer - Tropical,46.82,2194,220466918,37.456
59,Cheese - Le Cru Du Clocher,64.52,2305,438307738,51.616
459,Cornish Hen,24.79,2358,336291892,19.832
563,Longos - Lasagna Beef,18.44,470,382104740,14.752
431,Juice - Happy Planet,73.77,3537,120026160,59.016
927,Wine - Chateau Aqueria Tavel,22.92,2095,949565236,18.336
997,Pork - European Side Bacon,77.69,8598,297681516,62.152
149,Vacuum Bags 12x16,112.05,198,636904595,89.64
250,"Sauce - Black Current, Dry Mix",38.4,9580,221383049,30.72
681,Lettuce - Radicchio,65.37,3481,976642578,52.296
445,Cake - Dulce De Leche,75.86,5647,816259182,60.688
60,Snapple - Iced Tea Peach,5.84,7535,928956047,4.672
66,Sunflower Seed Raw,5.32,1747,264290580,4.256
759,Cup - Translucent 7 Oz Clear,12.7,2896,904463843,10.16
433,Artichoke - Fresh,15.83,7257,422579226,12.664
670,Kiwi Gold Zespri,100.42,2889,328529139,80.336
363,Pear - Packum,24.12,9781,916734536,19.296
67,Cheese - Parmesan Cubes,70.8,7974,188864859,56.64
774,Pasta - Canelloni,96.14,431,710246325,76.912
133,"Capon - Breast, Double, Wing On",71.94,6975,824037915,57.552
353,Wine - Prosecco Valdobiaddene,112.28,9341,964375200,89.824
766,Wine - Niagara Peninsula Vqa,109.71,2252,925674639,87.768
337,Bread - Hot Dog Buns,111.28,2553,449047230,89.024
993,Steampan - Foil,74.54,4287,359041400,59.632
863,Asparagus - Frozen,5.02,2749,529037786,4.016
332,Persimmons,60.72,4378,359915921,48.576
442,Steampan Lid,93.48,8436,151916470,74.784
904,Appetizer - Chicken Satay,103.43,4014,991741295,82.744
726,Heavy Duty Dust Pan,94.04,1348,647883796,75.232
756,Mushroom - Portebello,87,1998,817910642,69.6
3,Tomatoes Tear Drop Yellow,26.01,9366,462265257,20.808
621,Coffee - Dark Roast,95.98,3259,231302258,76.784
429,Olives - Morracan Dired,98.52,8923,716059853,78.816
150,Shrimp - Black Tiger 26/30,43.05,748,620880447,34.44
987,"Olives - Black, Pitted",68.2,1570,343648141,54.56
73,Beer - Upper Canada Lager,4.98,6152,893120945,3.984
265,Pasta - Agnolotti - Butternut,31.33,6141,21476047,25.064
341,Oyster - In Shell,61.17,8003,649351363,48.936
680,"Halibut - Whole, Fresh",72.49,4699,691839065,57.992
537,Pastry - Apple Muffins - Mini,107.11,4443,400672851,85.688
773,Star Fruit,25.39,2885,775084154,20.312
550,Stainless Steel Cleaner Vision,29.21,7909,916513021,23.368
126,Appetizer - Assorted Box,53.14,5395,756511879,42.512
758,Halibut - Fletches,54.54,2771,578537246,43.632
810,Cup Translucent 9 Oz,112.13,8667,970229627,89.704
443,Wine - Prem Select Charddonany,87.3,7882,877059944,69.84
175,Cheese - Grana Padano,22.01,6856,208835384,17.608
713,Container - Clear 32 Oz,70.9,1838,564298689,56.72
786,"Juice - Clamato, 341 Ml",13.93,4740,272358601,11.144
914,Beef - Eye Of Round,81.59,1992,341311677,65.272
964,Chicken - Tenderloin,55.74,7712,73172429,44.592
489,"Tomatoes - Vine Ripe, Red",52.99,5640,824417136,42.392
720,Cheese - Bocconcini,101.16,6694,282601336,80.928
364,Chocolate Bar - Oh Henry,8.04,976,67777625,6.432
407,Pail For Lid 1537,7.13,7896,909438526,5.704
873,Carbonated Water - Cherry,90.28,4642,32203294,72.224
26,"Split Peas - Green, Dry",39.11,1842,521046013,31.288
325,Cherries - Fresh,69.37,8733,861050317,55.496
638,"Soup - Beef, Base Mix",31.95,9665,981385103,25.56
359,Carbonated Water - Lemon Lime,11.75,4355,249466672,9.4
516,Sauce - Hollandaise,49.19,5850,300857032,39.352
11,Lettuce - Red Leaf,107.04,6627,39153449,85.632
791,Gherkin - Sour,34.93,6505,980216685,27.944
786,Appetizer - Assorted Box,66.38,6525,422820498,53.104
861,Sauce - Ranch Dressing,45,5136,361912106,36
828,Muffin - Mix - Mango Sour Cherry,29.24,1475,18611608,23.392
685,"Nut - Hazelnut, Ground, Natural",57.61,4056,126636077,46.088
110,Grapes - Green,17.23,3738,203096637,13.784
679,Celery,111.89,6649,458937887,89.512
100,Wine - Niagara Peninsula Vqa,105.07,8884,258059954,84.056
928,Oil - Canola,37.03,2715,557440920,29.624
373,Shrimp - Prawn,20.52,4181,773002453,16.416
800,Turkey Leg With Drum And Thigh,42.69,9663,533339849,34.152
934,"Cheese - Romano, Grated",1.1,338,339761981,0.88
988,Cake - French Pear Tart,8.48,9167,175396331,6.784
283,"Bread - Bagels, Plain",28.27,9038,407612715,22.616
81,Wine - Two Oceans Sauvignon,9.27,6847,672890153,7.416
442,"Soup - Campbells, Spinach Crm",87.14,8619,375210365,69.712
329,Glass Clear 7 Oz Xl,114.23,2586,494426129,91.384
404,Pork - Backfat,94.81,3705,20270274,75.848
763,Pepper - Roasted Red,19.18,9131,522459939,15.344
45,Rosemary - Fresh,92.33,9957,353608106,73.864
746,Mcgillicuddy Vanilla Schnap,100.52,4582,109000974,80.416
431,Spaghetti Squash,10.79,3006,30991959,8.632
58,Skirt - 29 Foot,19.04,5429,146374509,15.232
132,"Chicken - Leg, Boneless",76.43,7355,143612145,61.144
158,Spice - Montreal Steak Spice,22.38,1100,670422380,17.904
708,Chicken - White Meat With Tender,103.33,3042,190919051,82.664
988,Cheese Cheddar Processed,114.31,7867,788473785,91.448
708,Carbonated Water - Strawberry,41.33,6128,560203821,33.064
197,Pastry - Raisin Muffin - Mini,12.43,9573,550829753,9.944
13,Beef - Tenderloin Tails,26.89,5868,212725755,21.512
508,"Bar Mix - Pina Colada, 355 Ml",79.35,901,371932013,63.48
350,"Clams - Littleneck, Whole",13.44,5925,653382769,10.752
994,Apricots - Halves,73.23,1012,272043471,58.584
679,Wine - Valpolicella Masi,47.22,7317,767722619,37.776
914,Oil - Macadamia,36.41,1403,931150010,29.128
860,Passion Fruit,43.33,6611,791345213,34.664
873,"Sauce - Soya, Dark",2.64,6308,606783339,2.112
446,Muffin Mix - Oatmeal,26.77,8092,542474084,21.416
625,"Wine - Niagara,vqa Reisling",53.12,9394,833285595,42.496
195,"Mushroom - Oyster, Fresh",90.39,4838,356476394,72.312
698,Gelatine Powder,38.32,3076,63345574,30.656
898,Lobster - Cooked,16.66,8186,497235603,13.328
280,"Juice - Pineapple, 48 Oz",86.32,494,835856046,69.056
425,Mushroom - King Eryingii,118.83,531,647832857,95.064
365,Sprouts - Baby Pea Tendrils,103.66,9281,241104190,82.928
945,Lime Cordial - Roses,113.09,3902,138302117,90.472
167,Zucchini - Green,100.36,4284,761615801,80.288
43,"Turkey - Breast, Smoked",30.93,4961,72555731,24.744
944,"Artichoke - Bottom, Canned",60.84,3495,825819993,48.672
511,Red Currant Jelly,2.36,8955,953189225,1.888
434,Spinach - Spinach Leaf,103.52,4499,541791609,82.816
666,Chinese Foods - Chicken,118.95,5230,685005422,95.16
121,Wine - Rosso Del Veronese Igt,10.89,3552,587943421,8.712
952,Coffee - Almond Amaretto,73.44,6832,544713550,58.752
149,Wine - Pinot Grigio Collavini,30.95,7485,778808206,24.76
721,Dome Lid Clear P92008h,99.76,5346,343171954,79.808
643,Shrimp - Black Tiger 13/15,57.05,3947,831131830,45.64
683,Ice Cream Bar - Drumstick,33.6,9935,243614908,26.88
405,Salmon - Fillets,29.24,907,842770460,23.392
321,Sugar - Brown,65.34,9078,853973300,52.272
633,Pickles - Gherkins,17.61,1675,47022738,14.088
990,Bread - Sour Sticks With Onion,61.53,726,794664633,49.224
124,Bacardi Limon,37.41,4661,729005775,29.928
686,Wine - Rosso Toscano Igt,47.1,7686,101248745,37.68
431,Numi - Assorted Teas,45.01,9733,787895883,36.008
219,Island Oasis - Strawberry,98.85,6481,663094649,79.08
953,Chevril,9.5,6278,509059432,7.6
394,Bagel - 12 Grain Preslice,106.96,8572,317949729,85.568
122,Beef - Inside Round,105.13,5247,559495196,84.104
465,Muffin Mix - Carrot,11.57,4060,885957390,9.256
859,Lidsoupcont Rp12dn,28.2,5137,450603000,22.56
665,Crab - Meat,58.31,4039,649537508,46.648
682,Ecolab - Balanced Fusion,74.57,4600,890913897,59.656
919,Ice Cream Bar - Drumstick,12.32,2103,200798818,9.856
851,Wine - Toasted Head,81.85,9419,547167234,65.48
587,Mayonnaise - Individual Pkg,31.23,7172,195081277,24.984
266,Celery Root,46,1539,67946961,36.8
363,Energy Drink Bawls,117.69,4380,94642641,94.152
199,Salt - Sea,33.67,681,591205217,26.936
299,"Lamb - Pieces, Diced",107.36,5461,768228174,85.888
283,"Beef - Baby, Liver",65.25,7478,891035959,52.2
761,Bread - Frozen Basket Variety,10.72,3107,261507995,8.576
664,Eggs - Extra Large,119.6,657,658965061,95.68
211,Rice - Wild,68.8,3985,365717391,55.04
705,Scallops 60/80 Iqf,76.25,2825,632779829,61
172,"Wine - White, Pelee Island",19.07,9902,733471736,15.256
965,Raspberries - Frozen,45.19,4525,215655547,36.152
77,"Pasta - Orzo, Dry",91.69,2797,274386510,73.352
523,Cake - Box Window 10x10x2.5,1.76,3051,213360685,1.408
42,Waffle Stix,110.77,2510,990840620,88.616
415,Cactus Pads,86.42,8378,400023734,69.136
40,"Tomatoes - Vine Ripe, Yellow",41.45,8474,969618333,33.16
122,Foam Cup 6 Oz,18.64,7618,264417251,14.912
77,Wine - Taylors Reserve,3.48,8192,472343686,2.784
665,"Lemonade - Black Cherry, 591 Ml",35.18,3313,735392628,28.144
50,Kirsch - Schloss,5.19,5432,292454482,4.152
697,Anchovy Paste - 56 G Tube,58.98,4176,221555471,47.184
56,"Carrots - Purple, Organic",114.14,3287,941743396,91.312
783,"Doilies - 8, Paper",81.33,7939,834545682,65.064
607,Pork - Caul Fat,42.91,1941,467321957,34.328
918,Oyster - In Shell,81.91,4256,596651446,65.528
100,Skirt - 24 Foot,78.25,867,453297061,62.6
241,Greens Mustard,18.42,2287,446301512,14.736
724,Rabbit - Frozen,89.95,810,519546695,71.96
912,Gloves - Goldtouch Disposable,101.79,8317,762081474,81.432
154,"Pasta - Cappellini, Dry",62.56,6958,68718975,50.048
178,Bread - Flat Bread,71.59,6267,45038791,57.272
795,Anisette - Mcguiness,39.25,7582,739631502,31.4
257,"Vodka - Hot, Lnferno",84.84,1088,515023646,67.872
761,Cheese - Valancey,36.29,4814,631807517,29.032
759,Sponge Cake Mix - Vanilla,108.9,4164,853420991,87.12
209,Mix - Cocktail Strawberry Daiquiri,5.74,2803,838216351,4.592
454,Pate - Peppercorn,54.41,246,95679962,43.528
375,Beer - Maudite,14.17,9399,612521616,11.336
501,Foil Cont Round,42.75,9408,826261187,34.2
319,"Doilies - 12, Paper",74.19,1841,806802278,59.352
825,Beer - Camerons Auburn,36.46,7648,123930721,29.168
214,Crackers Cheez It,94.29,2662,351529598,75.432
528,"Tart Shells - Savory, 3",114.29,2659,553738612,91.432
489,Bread - Olive,21.91,7280,544225783,17.528
70,Lobster - Tail 6 Oz,113.99,7193,618116664,91.192
194,Appetizer - Southwestern,59.38,9340,867467899,47.504
291,Soup Campbells Split Pea And Ham,36.3,6077,441408936,29.04
512,Bread - Pain Au Liat X12,14.2,8746,116256960,11.36
78,"Beef - Ox Tongue, Pickled",104.94,7698,707735616,83.952
156,Lettuce - Escarole,24.59,222,103170386,19.672
595,Pate - Peppercorn,10.69,9056,309778909,8.552
754,Danishes - Mini Cheese,30.74,7046,258830553,24.592
681,Whmis - Spray Bottle Trigger,77.46,8292,411751756,61.968
732,Shrimp - Black Tiger 26/30,37.49,8275,615324330,29.992
214,Tray - 12in Rnd Blk,30.73,2405,977034192,24.584
812,Ecolab - Hand Soap Form Antibac,34.82,6628,839179406,27.856
29,Tuna - Yellowfin,20.89,2712,641430164,16.712
761,"Iced Tea - Lemon, 460 Ml",41.58,3047,252513920,33.264
660,"Vinegar - Balsamic, White",105.72,7338,927762062,84.576
77,Pectin,67.75,8294,393878533,54.2
714,Bread - Corn Muffaletta,32.75,2824,380338324,26.2
766,"Yogurt - Blueberry, 175 Gr",54.46,8394,250084191,43.568
300,Pastry - Baked Cinnamon Stick,108.4,9028,197440572,86.72
365,Gatorade - Orange,104.64,5662,882059375,83.712
118,Pectin,88.66,7043,324410856,70.928
270,Foil Wrap,93.14,1874,874009975,74.512
586,Sausage - Breakfast,48.63,6550,67564925,38.904
503,Carbonated Water - Cherry,56.71,6484,504279913,45.368
933,Creamers - 10%,69.54,1461,162542639,55.632
452,Ice Cream Bar - Drumstick,43.47,9489,393688277,34.776
499,Crackers - Soda / Saltins,82.37,8695,713811967,65.896
853,Appetiser - Bought,47.08,9952,838208764,37.664
522,"Coke - Classic, 355 Ml",119.76,683,168420367,95.808
888,Southern Comfort,5.11,1934,243993777,4.088
579,Rambutan,72.58,2391,90021832,58.064
948,Pickle - Dill,12.7,4206,867245906,10.16
180,Tea - Herbal Orange Spice,91.82,1478,967810842,73.456
209,Onions - White,108.92,4788,182215146,87.136
577,Soup - Campbells Beef Noodle,71.24,9536,157809806,56.992
379,Bread - Flat Bread,114.87,2990,586630032,91.896
331,Lychee - Canned,103.6,7591,309340893,82.88
413,Juice - Apple Cider,33.93,7111,870678270,27.144
260,Spaghetti Squash,48.16,478,584165725,38.528
79,Mix - Cocktail Strawberry Daiquiri,57.97,8074,640445278,46.376
250,Marjoram - Fresh,7.33,6038,73012772,5.864
641,Bread - Corn Muffaletta,37.38,2385,352903067,29.904
514,Wine - Chablis J Moreau Et Fils,119.2,7664,949906908,95.36
837,Ham - Cooked Bayonne Tinned,105.07,1285,387595283,84.056
902,Bagel - Sesame Seed Presliced,3.15,2259,501299245,2.52
768,Garam Masala Powder,5.51,9028,62176476,4.408
61,Milk - 2%,112.05,4508,398216459,89.64
959,Sobe - Orange Carrot,24.7,4898,419037059,19.76
979,Bandage - Flexible Neon,5.56,8053,737068438,4.448
781,Cake - Pancake,68.17,6082,526952975,54.536
843,Puff Pastry - Sheets,114.84,1296,198245566,91.872
640,White Fish - Filets,110.2,4054,748201630,88.16
973,Jameson Irish Whiskey,7.84,3428,718148141,6.272
498,"Nut - Pistachio, Shelled",35.14,2594,944769532,28.112
560,Pepper - Chili Powder,47.02,2816,503683251,37.616
411,Lamb Rack - Ontario,101.76,6028,649967309,81.408
829,Veal - Slab Bacon,45.75,2873,767179012,36.6
638,Veal - Leg,56.71,1236,848116524,45.368
380,Sobe - Cranberry Grapefruit,56.82,6261,621601769,45.456
581,Sugar - Palm,115.27,2180,721952876,92.216
123,"Oil - Olive, Extra Virgin",52.27,6770,783534923,41.816
577,Pork - European Side Bacon,49.47,6472,188606483,39.576
127,Sambuca - Opal Nera,111.26,4658,35367415,89.008
211,Pear - Halves,77.29,3685,607825998,61.832
579,Muffin - Carrot Individual Wrap,117.22,1359,227058664,93.776
583,"Hickory Smoke, Liquid",97.26,1505,100107594,77.808
261,Cheese Cloth No 60,89.34,9875,135614753,71.472
47,Cheese - Cheddarsliced,24.46,2722,183259022,19.568
663,Extract - Lemon,76.33,619,539388749,61.064
299,Chickhen - Chicken Phyllo,92.68,6806,979395775,74.144
747,Chutney Sauce - Mango,13.81,7337,30349865,11.048
139,Buffalo - Short Rib Fresh,73.54,811,685204556,58.832
515,Water - Tonic,81.68,2342,442801991,65.344
207,Tea - Decaf 1 Cup,39.4,8658,826534936,31.52
905,"Soup - Knorr, Country Bean",66.82,8252,343440211,53.456
726,"Juice - Apple, 341 Ml",119.87,9742,729883282,95.896
359,Tea - Vanilla Chai,104.81,6018,942001001,83.848
469,Cup - 8oz Coffee Perforated,104.98,874,462459592,83.984
417,Longos - Cheese Tortellini,108.48,2734,52965358,86.784
560,Assorted Desserts,32.74,9943,693123262,26.192
176,Island Oasis - Peach Daiquiri,84.35,9202,921937768,67.48
627,Ostrich - Fan Fillet,71.65,2557,324748209,57.32
93,Appetizer - Escargot Puff,109.5,7620,776072580,87.6
135,Bar - Granola Trail Mix Fruit Nut,87.77,6370,271149775,70.216
352,Nantucket - Kiwi Berry Cktl.,79.9,2201,872203869,63.92
346,Apple - Custard,29.89,9384,956669877,23.912
369,Grapefruit - Pink,42.89,3260,656439597,34.312
999,Skewers - Bamboo,45.42,2905,877324682,36.336
38,Icecream - Dstk Strw Chseck,33.78,8406,221878041,27.024
436,"Schnappes - Peach, Walkers",109.04,8685,497481951,87.232
179,Sage - Fresh,19.97,9217,563407736,15.976
851,Cheese - Gorgonzola,24.19,3330,219457926,19.352
228,"Orange - Canned, Mandarin",22.63,1584,382619789,18.104
755,Wine - Blue Nun Qualitatswein,89.77,7907,998607463,71.816
488,Beef - Short Ribs,82.76,2720,996269509,66.208
540,Curry Powder Madras,61.62,7848,570943078,49.296
776,Lemons,107.12,2569,70907776,85.696
478,Cookies - Assorted,90.99,8603,717703218,72.792
102,Marjoram - Fresh,92.97,9232,96315844,74.376
664,"Doilies - 8, Paper",60.32,7745,291980163,48.256
125,Towels - Paper / Kraft,18.8,1911,419367197,15.04
477,Curry Paste - Green Masala,34.07,9438,550921524,27.256
44,"Tomatoes - Vine Ripe, Red",18.3,8272,34881898,14.64
657,Lotus Rootlets - Canned,106.8,5825,581087145,85.44
540,Truffle Paste,73.52,9428,872480184,58.816
438,Bread - Italian Corn Meal Poly,25.07,5259,122399098,20.056
212,Wine - Penfolds Koonuga Hill,51.98,9883,11070363,41.584
761,Lamb - Sausage Casings,114.82,8721,417758573,91.856
382,"Nut - Walnut, Pieces",91.48,1673,624824726,73.184
833,"Garlic - Primerba, Paste",87.06,2674,561386991,69.648
31,Pastry - Mini French Pastries,82.04,5398,313183399,65.632
782,Lettuce - Arugula,83.81,8902,62084537,67.048
227,Mussels - Cultivated,78.46,3049,115822696,62.768
726,Chocolate Bar - Smarties,67.96,2235,724828055,54.368
523,"Chicken - White Meat, No Tender",107.36,4806,379399425,85.888
972,"Juice - Tomato, 48 Oz",51.2,8711,200909748,40.96
896,Pepper - Roasted Red,91.8,3349,761943044,73.44
987,Bread - White Epi Baguette,88.35,780,90758732,70.68
96,Pie Shell - 9,41.37,834,195449549,33.096
294,Pepper - Pablano,117.21,1849,228955757,93.768
447,Vodka - Smirnoff,89.26,4893,82189432,71.408
370,Wine - Chablis 2003 Champs,33.91,1203,745204015,27.128
205,Spice - Peppercorn Melange,4.36,8208,879623879,3.488
